GoalProbability,WeightedExpectedGoals
0.55335747905452,1.64624241755395
