GoalProbability,WeightedProbabiliticGoals
0.561517663926064,0.0279130315623115
