GoalProbability,WeightedExpectedGoals
0.918025810797827,0.0311109160924199
