GoalProbability,WeightedExpectedGoals
0.659516302793252,0.0315602049883867
