GoalProbability,WeightedExpectedGoals
0.578741864550987,1.53745134998826
