GoalProbability,WeightedExpectedGoals
0.659516302793252,0.0272379845979266
