GoalProbability,WeightedExpectedGoals
0.482280622732926,2.02883153554252
