GoalProbability,WeightedExpectedGoals
0.410641824747527,1.16715261267261
