GoalProbability,WeightedProbabiliticGoals
0.55335747905452,0.0259493554363259
