GoalProbability,WeightedProbabiliticGoals
0.578741864550987,0.0273902811654167
