GoalProbability,WeightedExpectedGoals
0.381695481597448,1.64186034858303
