GoalProbability,WeightedExpectedGoals
0.533476547726682,0.0268524374611726
