GoalProbability,WeightedExpectedGoals
0.799064824414387,1.37778676695578
