GoalProbability,WeightedProbabiliticGoals
0.559683169179921,0.0331911158530229
