WeightedExpectedGoals,GoalProbability
2.22558672841576,0.799064824414387
