GoalProbability,WeightedExpectedGoals
0.559683169179921,2.22558672841576
