GoalProbability,WeightedProbabiliticGoals
0.37879973359624,0.017897832906497
